{"Hw5UKBU5k3YudnGwaykj5E8cYUidNMPuEewRRar5Xoc7": {"cgAFtt9a3DdPaP7ggQDsad3T1QUHNAFnXy8HGVdvxy9": 46578013.031034, "5PcE6pcaAdxUTYDf2kqrjjSKKtLwsxPQWamEmqGd7Zib": 53350.0, "AwGg6CLP5P5LreVbgD4RuSmwXgnu71SmVr6GYsDaBAGS": 100000.0, "CBNbwh1KgSbzTLkZShX8XuQywcxEGBKtSJ2CFDvTZiBB": 11400.641908801, "2CakaU5nQ33WpXko7NYqBvfy5hLscT6PQzcscTNugroT": 14846061.766382, "3K551DczdPKjdwRTouvyHDh1gToX547aGmzmAVBWpump": 17690.983624, "Kkj4d71QXtKcf6PULAmqVqfLYkGZxDPqCGhk3y9pump": 888.0, "3t4J57JNHq7KFYgCtjA4BvDBbqfnhzPUYQPan4qEQuMP": 16886735.285232, "DezXAZ8z7PnrnRJjz3wXBoRgixCa6xjnB7YaB1pPB263": 1423969.43807, "2M8Jy2e35n1VeWYNmS6A9eHZb2u4axuYhJBiBqispump": 4444.0, "92cAmF86LMGB2eue2HAUBPe6SeMPhASSB99tXPdUwjUm": 17091475.533238, "FrwzSJqS3EdCP95yoQEBnjKycu64ZRs5sEUhr9t1pump": 1000.0, "5MkRDSRbrSB6uJkSoMcAdaAnWh2ADgGrBeTR2auqLUMp": 26487421.008363, "2APfuDUoCzDDZgDbuNgmx53xDyjBEpG318gh7UfVBAGS": 3.0, "8LTGcjgbRQDJ6JiJRgLKejGBrscs6VQQktJ1XRXpCUMp": 6075161.592828, "8Zut3ywVRpWf73rsLHHckh3BRmXz4iKemcmx3nmPpump": 7777.0, "244Sbe99s7ddCVegi1Eo451Tfp2JfCLepviz5ev2ri2j": 999.0, "C9mrUSm72ReuSnhha9AZgQzcaXNP5RvX5xnCwSTACgdY": 150.0, "AoFk2C6CWASVZTegNFZPdaZcJYQug8mn6vMcGdX5pump": 100000.0, "6GQEeQcXCw9cibkp6fyju7ZCUGJ4ruf4RJRd7S1rB4KY": 236762987.81918, "51ivjyJcXvcEv7ZKdRu2TGtTU7XcgiJm2sBEQfyZ8UMp": 23842807.271185, "GtDZKAqvMZMnti46ZewMiXCa4oXF4bZxwQPoKzXPFxZn": 3.140368828, "4YgWiA1tLbykyPZ9msimH1eXrdTmpnTDojp1kUi4CUMP": 19416923.28173, "GYrPw4uyzfjftCdxttXC4JapAYEDJZXqXXtinqpppump": 41465.444664, "EPPXoryco29tZBbEKxyGaeLHT5S6A8QpBPgoAX9opump": 22565727.561586, "CtdtcjG1ub8Q6Ss7AXCdtrERr1kd3nZnpPqg3wHP2Pnz": 159000000.0, "HTf9wxvuznKm9DdidzfCSBbh8DD5Xm3jxjoBKpzpUuMP": 21693441.923327, "3MUW6uVHEdBa8unmq9jBUgAQhdAcbgH52nAR7wybSJcr": 33572378.174782, "CvKP9y6UBskJv6pqGWsztXPd1u18YhyV7hp7QWjwG1oP": 15350.12, "4zhemWu6ZrLhCeb44gGCJvJPXcw6XmvCpuPevVoqEFDg": 22470372.479853, "AxmA7C5wxLc6UmapNvY4zCA6ddvTyMP1nssqjkXo2umP": 19557491.889739, "8bcezcFdpg2t6jj7ouxHFdFqHyum5fbtNk3gueRLpump": 909094.41263, "C7EwzBzTwoRrkorimxjgkWiSnkaaZuNavVAgn3hqt9Pd": 77.0, "AhEfkNRNw28CgV2TEAG4Wk5Zb7FKMCUJsMEpRtdrbonk": 389781.983896, "R1an8a47GXaZykpxtdy6PQijT6uV8Kx1UGwDoBxsoar": 986139.781042, "76aiXdsh23r8vTxbA7ZjwW2ENmDdW7YvaWJAmzDRpump": 10.0, "48PcWeDHdPXfPe2zpAsMPa3EwZcDRdWLJVfrchRDXL72": 27350.0, "927AfY5w3Db7YSigp7ZCyxuYCyMbi6NiCf6ibJx7uoqs": 16.0, "Ex9R1LT4f3DMLfkmf4sQg2jmtS8AcrmGJnye4X6woaJT": 15336231.554401, "FHD84aaEBtrJZTrWuRDVsao7ZerMVrmkWHEGw4tFKuMP": 20897874.094557, "DekCERbBdMFMvbRkZsg37kTHBQY2tBWcrk5QtQiPAgoy": 17274436.640295, "C64uAtKtb6ZGYquYRyugxM3FCTJv3BnCbg6vecom1F27": 2439813.677826, "4uHsAmXq2W6VgUT8etVT8PgHkM4hCobEb2aaPAcYYUmp": 15875853.389441, "84ivDKDFQ9n1A1AWKTc2t1HBQL3zxukAhkSUVNcHpump": 813180.059373, "GJ3qpB7KLmXidvM21Jqc7ntojXxCLcGPFnuAPxdwiuMp": 12526428.226383, "A1AdZpXR9h27uFfBohbtCYM5NhVrAqyiyEgBJNmgNzTz": 1500.0, "8mLD2pNyscMm9UKszZFSz2sS6BcmqKQ2ikmvEw7XuuMp": 31146712.290761, "7htfGA2J12kKcq37XddZHM7Spw1yttP9xHMMswVVtumP": 14123359.88692, "8CV5ftQfEwaWnZ3AjTxmwFK3itUHt7qnG6kk4RYApump": 10000.0, "EPjFWdd5AufqSSqeM2qN1xzybapC8G4wEGGkZwyTDt1v": 11709.507592, "9dvTyQB1KV4dMJUTWTjP6zeidJJNHddMJyE99hWkjhbC": 199.0, "eNXzPMboTXsY7Qnc5pcrp4tm9m4rZpNuCsZ7VeNnyKm": 100.0, "8M5sdA3HLvHTLTUWswkxRjt4SsgeU45YMxA55w6t4uMP": 9983222.401661, "AMjzRn1TBQwQfNAjHFeBb7uGbbqbJB7FzXAnGgdFPk6K": 30.638848, "CY8AoPknkFbvckqh5iWcFEDTdHwFy5Yz3crmBdqRpump": 577579.08698, "Apo8JFzwPzgsdENoZA9z2U7duSZoYfebBfgLyuE1phq8": 5921.183, "6jTQCFZR8JwvvenVGa3RzGM3a5YEagk9kQXDpHHdpump": 3453.602346, "GbRopRYRzh2NABeZYXf7Jq2Drd4TL9csoUhZGpfxpump": 200000.0}, "GARVttNdUU87zy8vhZnVjLyihnReGgWtqAyGxzoRpjuT": {"6bzPMeVVrwR2mP4XMmJbCTgjwaByVfBrA7j4Zg1rzy1F": 87.0, "nNcqotFpBF7hsAqbNs1v2cYWeMnaKjFc3D2gHoQpump": 14945928.75388, "4XLL9sJ4YmXKBfB1d6kLRf9WnsS91aDs7K3jjrKCcZNd": 0.1, "8U7GfFMxFkqEr7iaEHFpeZ5noiFmo2g7WBDBdPvuZfbN": 295888.806757}, "FAicXNV5FVqtfbpn4Zccs71XcfGeyxBSGbqLDyDJZjke": {}, "Hn6vBWWySnxA8XjxRQDEmZEuH5QL7KqosnJGcLcUzFJ6": {}, "4BdKaxN8G6ka4GYtQQWk4G4dZRUTX2vQH9GcXdBREFUk": {}, "4uCT4g7YHH4xxfmfNfKUDenwGrRNGoZ9Ay1XFxfUGhQG": {}, "ATFRUwvyMh61w2Ab6AZxUyxsAfiiuG1RqL6iv3Vi9q2B": {}, "DYAn4XpAkN5mhiXkRB7dGq4Jadnx6XYgu8L5b3WGhbrt": {}, "C1HWvjfaA6Y33T59ULtGmrknjpmu4yaRALoL5tGF5fCS": {}, "Fr9B91h3MrqghrH1pfdw3RTAi34TJckcQMp25EKnXVxo": {}}